{"cameraMode":{"drawMode":0,"name":"Shaded","section":"Shading Mode"},"sceneLighting":true,"audioPlay":false,"sceneViewState":{"m_AlwaysRefresh":false,"showFog":true,"showSkybox":true,"showFlares":true,"showImageEffects":true,"showParticleSystems":true,"showVisualEffectGraphs":true,"m_FxEnabled":true},"in2DMode":false,"pivot":{"x":-3.2473580837249758,"y":-3.1629722118377687,"z":-2.008146047592163},"rotation":{"x":0.7206010222434998,"y":0.014555810019373894,"z":-0.015134845860302449,"w":0.6930318474769592},"size":10.078362464904786,"orthographic":false}